{
    "Reykjavik": {
        "name": "Reykjavik",
        "x1": -22.7361829479,
        "x2": -20.8892899275,
        "y1": 63.8160150633,
        "y2": 64.2516595675
    },
    "USA_West": {
        "name": "USA_West",
        "x1": -104.0096413985,
        "x2": -74.2177559753,
        "y1": 29.8620540619,
        "y2": 41.6516253376
    },
    "USA_East": {
        "name": "USA_East",
        "x1": -78.5289516402,
        "x2": -70.4496761312,
        "y1": 33.6773729428,
        "y2": 43.4034377015
    },
    "Florida": {
        "name": "Florida",
        "x1": -83.033255819,
        "x2": -79.7332491199,
        "y1": 25.0018805904,
        "y2": 31.0508277411
    },
    "Canada_West": {
        "name": "Canada_West",
        "x1": -128.953863625,
        "x2": -56.7796778249,
        "y1": 49.0272904018,
        "y2": 54.3791785819
    },
    "Canada_East": {
        "name": "Canada_East",
        "x1": -81.9735362123,
        "x2": -71.6000024647,
        "y1": 45.0319214485,
        "y2": 48.8774592583
    },
    "Canada_City": {
        "name": "Canada_City",
        "x1": -79.8286981988,
        "x2": -79.0955612185,
        "y1": 42.8766199607,
        "y2": 43.813086105
    },
    "Rek_City": {
        "name": "Rek_City",
        "x1": -22.0215864557,
        "x2": -21.7597610357,
        "y1": 64.0678010757,
        "y2": 64.1661892209
    },
    "Tunisia": {
        "name": "Tunisia",
        "x1": 9.6364787438,
        "x2": 11.1786289911,
        "y1": 33.2623545864,
        "y2": 37.370338584
    },
    "East_Australia": {
        "name": "East_Australia",
        "x1": 148.8819440826,
        "x2": 151.4033372449,
        "y1": -35.5320597285,
        "y2": -33.6137302919
    },
    "Norway_South": {
        "name": "Norway_South",
        "x1": 4.8023217943,
        "x2": 11.1435730313,
        "y1": 57.975173403,
        "y2": 64.0976428018
    },
    "Sweden_South": {
        "name": "Sweden_South",
        "x1": 13.0143371851,
        "x2": 20.5913859034,
        "y1": 55.327044386,
        "y2": 63.9903936857
    },
    "Senegal": {
        "name": "Senegal",
        "x1": -17.5290184543,
        "x2": -14.7945783474,
        "y1": 13.8308307449,
        "y2": 15.3956490468
    },
    "New Zealand": {
        "name": "New Zealand",
        "x1": 166.2986694821,
        "x2": 178.7054054253,
        "y1": -47.4186855734,
        "y2": -34.1989392964
    },
    "Nigeria": {
        "name": "Nigeria",
        "x1": 2.9279455219,
        "x2": 7.6919135184,
        "y1": 6.2335547237,
        "y2": 9.26385406
    },
    "Krygz": {
        "name": "Krygz",
        "x1": 72.6482873927,
        "x2": 76.251803353,
        "y1": 40.5881138208,
        "y2": 42.8186501684
    },
    "Kampala": {
        "name": "Kampala",
        "x1": 32.3147451458,
        "x2": 32.8069326794,
        "y1": 0.0769206111,
        "y2": 0.5581130971
    },
    "Kyrgyzstan": {
        "name": "Kyrgyzstan",
        "x1": 72.6482873927,
        "x2": 76.251803353,
        "y1": 40.5881138208,
        "y2": 42.8186501684
    },
    "Bolivia": {
        "name": "Bolivia",
        "x1": -68.5847613076,
        "x2": -61.7521256817,
        "y1": -20.5895726083,
        "y2": -15.8556499166
    },
    "Dominican Republic": {
        "name": "Dominican Republic",
        "x1": -70.2777218819,
        "x2": -69.5262567699,
        "y1": 18.3385804048,
        "y2": 18.7593700368
    },
    "Dominican Republic (North)": {
        "name": "Dominican Republic (North)",
        "x1": -68.5847613076,
        "x2": -61.7521256817,
        "y1": -20.5895726083,
        "y2": -15.8556499166
    },
    "Greek Islands (south)": {
        "name" : "Greek Islands (south)",
        "x1": 23.4294469495,
        "x2": 28.3597844198,
        "y1": 34.9016289757,
        "y2": 36.5449866787
    },
    "Greek Islands (north)": {
        "name" : "Greek Islands (north)",
        "x1": 21.2278407295,
        "x2": 27.0140304625,
        "y1": 36.2920600876,
        "y2": 37.9074048608
    },
    "Greece (central north)": {
        "name" : "Greece (central north)",
        "x1": 21.0902769714,
        "x2": 26.0002841722,
        "y1": 39.3042034472,
        "y2": 40.8503402479

    },
    "Greece (north)": {
        "name" : "Greece (north)",
        "x1": 22.7950340333,
        "x2": 26.2745271046,
        "y1": 40.8896577912,
        "y2": 41.2722519243

    },
        
    "Russia 1": {
            "name" : "Russia 1",
            "x1": 29.5360920061,
            "x2": 60.5790591467,
            "y1": 52.4797096238,
            "y2": 61.3858886276
    
        },
    "Russia 2": {
            "name" : "Russia 2",
            "x1": 40.2795307215,
            "x2": 46.4901930321,
            "y1": 43.5757224946,
            "y2":52.0944490395
    
        }  ,
    "Laos 1": {
            "name" : "Laos 1",
            "x1": 102.4682794612,
            "x2": 102.6425955356,
            "y1": 17.9709013317,
            "y2":18.0607513494
        }  ,
    "Laos 2": {
            "name" : "Laos 2",
            "x1": 102.6162742946,
            "x2": 102.6759147743,
            "y1": 17.8338982267,
            "y2": 18.0508283235
        },
    "Vietnam 1": {
            "name" : "Vietnam 1",
            "x1": 106.2693203075,
            "x2": 107.5010095297,
            "y1": 10.3270824286,
            "y2": 11.2099291264
        },
    "Vietnam 2": {
            "name" : "Vietnam 2",
            "x1": 105.0683317671,
            "x2": 107.0681486039,
            "y1": 20.0680606092,
            "y2": 21.7607790047
        }
        
}